res_id,review,arriving_month,arriving_year
10,"Our family came over to Singapore during Chinese New Year and got to eat at this amazing restaurant, the food were really nice and the service was really good as well, thanks to Siew Kee;)) we had a great time here in Singapore and would definitely come again next time.",1,20
10,"Derek did an amazing job serving our big table despite the various requests and rigid restrictions. Food was amazing, our overseas guests thoroughly enjoyed the meals served. I really liked their signature lychee oolong tea which was good for the cleansing palates.",1,20
10,We always come here when we come to Singapore. The food is outstanding they use top quality ingredients and it shows. Very elegant china amazing service especially by a lady called Karen. She was attentive charming and didn’t miss a trick. Going back again in Wednesday before we leave Singapore!,1,20
10,We are really pleased with the experience always. Special thanks to Gery for making all the arrangement from the reservation to menu proposal to serving us on the day itself. A special special thanks to Chef Cheung for serving us with your speciality 汤圆 for our reunion dinner.,1,20
10,"Summer pavilion is an upscale Chinese fine dining restaurant with very classy interiors. Our food and service both were very good.

Our server Fang Ju took special care and made our meal more memorable, and the wine sommelier Helen helped us and guided us with the wine menu, her sense of humor made our meal more fun. The food was very good, the iberico pork was cooked to perfection and the Kung po chicken had a lovely flavour to it. To finish the meal we had a chilled mango pudding which was not over sweet and ended the meal perfectly. A must go if you are in singapore.",1,20
10,Great experience and food. Great service from Derek and Fangju. Will definitely come back again. Often :),1,20
10,Good ambience. Good food. Chinese new year menu is great. Great service from Derek and Kenny. Been here for the 7th time now :),1,20
10,"Just had dinner last night at Summer Pavilion and the experience is great. Food and service is excellent. Thanks to Chun wai for serving us the whole evening with his bubbly character. The manager Gery Lee is very accommodating towards our request for different menu.
Would love to be back again soon!",1,20
10,Thank you Gery and Chun Wai for making our meal at Summer Pavilion a memorable one. Food quality is excellent as well.,1,20
10,"Summer pavilion has been a stalwart in the Cantonese cuisine scene. My recent experience in January has shown that the team have not rested on their laurels.

Instead, Chef Cheung has elevated his culinary pursuit with innovations with ingredients not commonly found in Cantonese cuisine. This is a great endeavour as his innovations resonate with the younger crowd with lighter flavourings given the health conscious nature.

Excellent and recommended choice if you’re in Singapore",1,20
10,Appreciation of good & professional service of staff called Chun Wai. Strongly recommend to you to have a nice dinner in Summer Pavilion. Thanks,1,20
10,Very nice service. Very nice food. Very warm welcome service. My first meal was impressed. Thank you ❤️,1,20
10,"Excellent Chinese restaurant. Karen, the supervisor, and the rest of the staff were amazing. They made sure we had an unforgettable night. Their attention to details was on-spot and the food was superb.",1,20
10,Excellent service provided by Natalie. I always feel warm and friendly when I am here dining. The food -  dim sum (crystal dumping and fried pancake) and the fish lobster noodles are v v nice. Keep up the good job Summer Pavilion.,1,20
10,"Decided to do a Michelin Star meal for our special trip at Summer Pavillion which is was at the Ritz where we were staying.

The food was absolutely excellent, especially the smoked duck, which was suggested and was accompanied with some delicious soups along with some tremendous crab fried rice. 5 star

Presentation was good I felt the setting to be a little sterile and really nothing magical about the actual layout of the location as well. Was expecting a little more here. 3 star

The service was very attentive and well coordinated, from our cocktail order to start all the way through our meal. My only complaint here was that a couple came in in the middle of our meal and sat at a table and took a conference call for an hour on speakerphone and the sounds reasonated thru an otherwise quiet restaurant. Is this my responsibility to say something to these people or the restaurant staff? This is a Michelin Star restuarant not a Hawker Center....I didnt want to cause a stir but it definitely was a drag on the experience.",2,20
10,"Another excellent Saturday afternoon lunch here in this delightful one Michelin star Cantonese restaurant. Privileged to have it in a private dining room today. Absolutely gorgeous and grand exclusive Chinois feel to the decor which was a wonderful match to the great meal we had this afternoon. A nice change ( more intimate and more grand indoor feel )compared to dining in the main communal restaurant which is actually also honestly very atmospheric in a stylish and upmarket sense, with bright sunshine coming in through all the walls and windows and views to the gardens and plantings beyond. We had a beautiful trio of dim sum, awesome suckling pig, lovely sea perch and delicately done vermicelli. Worthy of one Michelin star based on the quality of the food alone. Wait staff also provided excellent personalised service. Have been here numerous times and the quality shines through always. Never had a disappointing meal here. One of the best and classiest Chinese restaurants in town and well deserving of a Michelin Star. May they get two in the future!!!",2,20
10,"We went to Summer Pavillion on 10Feb for an early Valentine's dinner (had to celebrate early due to work commitments).
Both my husband & I remember this staff named Chun Wai who served us on our first visit about coupla years ago.
It was such a pleasant feeling to see him & be served by him again. (We were looking forward to see him again) As we're both Cantonese, it felt so warm and homely feeling. We couldn't decide between the set menu or ala carte. So, basically Chun Wai just recommended the ala carte dishes as he got to know our style of preferences & wow.. he did recommend well!!!! A chance for us to discover beyond set menus. Chun Wai was also very friendly, kept us giggling and laughing throughout our patronage there, at the same time, he knows to give us space for our personal rare moments together as long married couple.
To balance the moment, Helen, in her incredible professional persona & great English (I like meeting people who are eloquent) recommended a very good choice of Champagne to us. Your selection of Champagne is simply wonderful. And even when I recalled to a friend, the friend said he drank the same brand Louis Roderer in Ritz Carlton. Imagine it is unforgettable that the champagne is linked to Ritz Carlton.
We enjoyed our meal so much. It is always good food that feeds the soul (besides the body), & great personalities of service definitely topped it off to the experience & especially our treasured moment.
Do keep up with the impeccable quality of foods & of course, your most-famed world renowned service. It was both of these reasons that keep us returning.
I only hope that there will be less assumption that a Chinese-raced person is expected to understand Mandarin (I don't understand Mandarin well). We are Cantonese & appreciate Cantonese food.
I would also like to commend Derek, who is very cheerful, although in his short interaction with us, when clearing or serving us, with his brightest smile. Because in times like now, we could use cheerful moods surrounding.
Thank you. And we will return again. And.. hoping to see all Chun Wai, Helen & Derek again. (I believe we'll be disappointed if we don't see any of them)",2,20
10,It was my 1st time at Summer Pavillon and I'm amazed by the cosy ambience! We were served by Chun Wai. He recommended us a few must-order dishes and they were really good! We are really thankful and satisfied with the overall experience and must compliment Chun Wai for his excellent service. ,2,20
10,"Great meal by Chef Kung and great service by Chun Wai. We had such a good time. The food was great, esp the fish bone fish maw soup (can’t remember the exact name), and the London duck is a must try! Chun Wai was really attentive and ensured we were well taken care of with his great service! :) would highly recommend anyone to summer pavilion!",2,20
10,"It was an amazing dining experience at summer pavilion, paired with great service by Chun Wai. As usual, @chefcheungsiukong’s culinary skills with the finest details never failed to impress us! Thank you for another unforgettable dining experience.",2,20
10,"Came to Summer Pavilion with my friends for CNY gathering. Chef Cheung came out to greet us personally with the delicious food and very good service from Chun Wai, who constantly checked on us to ensure we are happy, plus, he’s a good photographer (:",2,20
10,The ambience in the restaurant was great for a meetup dinner! Chun Wai gave an excellent service to our table. Love his humour and way of service. Definitely will come back again!,2,20
10,Service is excellent. Food wise is just ok. But for the price you are paying. U can have 2 meals in a normal restaurant.,2,20
10,The vegetarian food options are good and the service is excellent. Would recommend Summer Pavilion to all the vegetarians out there (:,2,20
10,"Restaurant resides within Ritz Carlton Hotel and holds a 1-Star in the 2019 Michelin’s Guide. Summer Palace has very beautiful dining set; a plus point to the ambience.

Was back this time to try their CNY Pen Cai. The treasure pot was filled with food delicacies like fresh & dried scallops, FaCai, abalone, sea cucumber, HuaJiao, mushroom, fish, duck and many more; all cooked to perfection. One observation though on the dishes ordered and compared to 3 other Chinese restaurants of same category, Summer Pavilion’s food portions were generally smaller.

Staffs are their assets. Their services are prompt, friendly and attentive.",2,20
