review,score,polarity,sentiment
best food i eat in singapore.,0.9941238760948181,1,positive
chicken mandi and layer juice (mixed fruit) is super.,0.9937392473220825,1,positive
best service❤👍👍✌👌,0.9994440078735352,1,positive
"we order two falafel and one starter.one falafel without egg,and the other without tahina.the waiter never give to us the starter because he forget about it and the falafel without tahini they was make also without egg.",0.08523747324943542,0,negative
we was waiting 40 minutes.,0.07177555561065674,0,negative
waited a little bit long for the server.,0.38059201836586,0,negative
"when we arrived it was empty, questioning the #1 restaurant of all sg.",0.02266201376914978,0,negative
but then we ordered mutton shawarma mandi and grilled chicken (their most favorite menu).,0.9967291355133057,1,positive
both were great and tasteful.,0.9966659545898438,1,positive
but we also ordered mango smoothie and kunafa but were too sweet.,0.8350534439086914,1,positive
overall okay.,0.07386535406112671,0,negative
lots of varieties of non veg .,0.8794523477554321,1,positive
"veg options are limited but  falafel wrap  was nice , veg biryani was good.",0.9719034433364868,1,positive
prawn biryani and kabsa was awesome.,0.9988857507705688,1,positive
ambience is good.,0.9384616613388062,1,positive
comparing to others reasonable prices ... 😊,0.660567045211792,1,positive
"we all enjoyed food, food is delicious😋✨.",0.9975824952125549,1,positive
can go with family or couple.,0.8820446729660034,1,positive
place is awesome.,0.9972577095031738,1,positive
must try falafel.,0.980291485786438,1,positive
best and affordable arabian food in singapore.,0.9990639686584473,1,positive
manthi and prawns biriyani.. veg restricted options but for non veg lovers good place to go.. go for it,0.9849877953529358,1,positive
went two nights in a row so that we could try more items on the menu.,0.8354496955871582,1,positive
the recommended items are very good and there are many options to choose from as well as different meats to try.,0.9904450178146362,1,positive
"the staff is very friendly and the prices are good as well, can't go wrong.",0.9946866035461426,1,positive
whether you're looking to snack on a shawarma wrap or have a big middle eastern style meal this is the spot to go!,0.9979853630065918,1,positive
falafel was amazing!,0.9991660118103027,1,positive
2 days later bringing the family to try the mandi rice and it was so good!,0.9937589168548584,1,positive
❤️❤️❤️ this place gonna be my favourite spot!,0.9997891187667847,1,positive
dropped by for saturday dinner and tried the full grilled chicken and the chicken mandi.,0.9687308073043823,1,positive
"
the chicken was cooked to perfection - crispy on the outside and succulent on the inside, and came with 3 dips (including a yummy garlic sauce), hot flat breads and a mountain of fresh salad.",0.9969078302383423,1,positive
"
the mandi rice was as good as we've tasted in the middle east - and eventhough it was supposedly a portion size for 2 persons - was more than enough for the 4 of us.",0.7410417795181274,1,positive
"
the manager also threw in a complementary jug of lemon-mint drink.",0.6854132413864136,1,positive
"
we paid s$50 for 4 persons to have plentiful of tasty arabic food in air conditioned comfort with friendly and attentive service.",0.8163948059082031,1,positive
highly recommended.,0.9988239407539368,1,positive
three of us went for a lunch on saturday afternoon.,0.4402257204055786,0,negative
"there were few delivery guys waiting, but the rest of the restaurant was empty.",0.019212782382965088,0,negative
they have good size portions.,0.935505747795105,1,positive
flavorful food.,0.9907623529434204,1,positive
some parts of the meat was not tender.,0.008019596338272095,0,negative
