﻿Para
"Singaporean cuisine encompasses the diverse elements derived from several ethnic groups, which have developed through centuries of political, economic, and social changes."
"Influences include the cuisines of the Malays, the Chinese and the Indians as well as Indonesian, Peranakan and Western traditions (particularly English and Portuguese-influenced Eurasian, known as Kristang). Influences from neighbouring regions such as Japan, Korea, and Thailand are also majorly present."
"In Singapore, food is viewed as crucial to its national identity and a unifying cultural thread. Singaporean literature declares eating a national pastime and food a national obsession. Food is a frequent topic of conversation among Singaporeans. Religious dietary strictures do exist; Muslims do not eat pork and Hindus do not eat beef, and there is also a significant group of vegetarians/vegans. People from different communities often eat together, while being mindful of each other's culture and choosing food that is acceptable for all."
"Other than local Singaporean cuisine, it is also common in Singapore to find restaurants specialising in cuisine from a great variety of countries around the world."
"When dining out, Singaporeans often eat at hawker centres, coffee shops or food courts rather than restaurants, due to convenience, a wider range of options and affordability. These hawker centres are widespread, cheap and usually feature dozens of stalls in a single complex, with each stall offering its own speciality dishes. Well-known hawker centres among tourists include Telok Ayer Market, Lau Pa Sat and Newton Food Centre. Coffee shops are non-air conditioned versions of food courts and are commonly found island-wide, usually at the bottom of blocks of HDB flats. Hawker centres are the place where people can experience all kinds of different cultural food in one place. Hawker centres, or open air food courts, have come to define Singaporean food culture. Popular markets like Old Airport Road Food Centre in Geylang, Golden Mile Food Centre on Beach Road and Maxwell Road Food Centre in Chinatown offer the best of Chinese, Malaysian and Indian cooking, melded into foods that are uniquely Singaporean. "
"In 2016, Hong Kong Soya Sauce Chicken Rice and Noodle and Hill Street Tai Hwa Pork Noodle became the first two street food locations in the world to be awarded a Michelin star. The former also gained the title of the world's ""cheapest Michelin-starred meal"". "
"In 2018, Singapore hawker culture was nominated by Singapore's National Heritage Board (NHB), National Environment Agency and Federation of Merchants' Associations Singapore for inscription into Unesco's Representative List of the Intangible Cultural Heritage of Humanity"
"Singaporean food is a significant cultural attraction for tourists and visitors. Some Singaporean dishes have become internationally known. In 2011, four Singaporean dishes were included in the list of 'World's 50 Most Delicious Foods (Readers' Pick)' – a worldwide online poll by 35,000 people held by CNN International. They are Hainanese chicken rice (13th), chili crab (29th), Katong Laksa (44th) and roti prata (45th). "
"Anthony Bourdain brought international attention to local food available in hawker centres on his show, No Reservations. He featured Tian Tian Chicken Rice and Maxwell Food Centre on the programme. Bourdain has also publicly spoken about hoping to feature four Singaporean dishes in his upcoming food hall in New York City. "
"Gordon Ramsay participated in a 'Hawker Heroes Challenge' held in Singapore in 2013, and he lost 6% of the overall vote. Losing to Ryan Koh representing 328 Katong Laksa and Foo Kui Lian representing Tian Tian Chicken Rice, he graciously accepted defeat. He mentioned being in absolute awe of the hawkers, and was humbled by how they welcomed him into their kitchens and taught him to cook. "
"YouTube personality Mike Chen, better known by his username StrictlyDumpling, has created several videos bringing attention to local cuisine on his channel. Over the course of 8 videos he highlighted Singaporean street food, hawker centres, local buffets and restaurants. These videos have a combined view count of over 5.5 million views."
"Singaporean cuisine has been promoted as a tourist attraction by the Singapore Tourism Board. The Singapore Food Festival, held every year in July, is a celebration of Singapore's cuisine. The Overseas Singaporean Unit also organises Singapore Day in major cities around the world as a platform for Singaporeans living abroad. One of Singapore Day's major draws is the local Singaporean hawker food, which is prepared on-site by well-known hawkers specially flown in for the event."
"Singapore is geographically located in between the Pacific and Indian oceans but it also has the shape of a peninsula and an island at the same time, where various cultures and trades used to and continue to occur. Indonesia is located to the south, Thailand, China, the Philippines and Malaysia are located to the north and India is located to the west. Since Singapore's position is between various Asian countries, there is a diversity in food and culture. ""When Stamford Raffles sought to convert Singapore into a trading post for the East India Company in 1819, immigrants from China, Malaya, India, Indonesia, Europe, the United States and the Middle East flocked to the island. The culture of Singapore is made up of diverse influences from different continents and countries. This led Singapore cuisine to be mixed-cultural society food. Like many other Asian countries, Singapore experienced a period of colonisation. Singapore used to be colonised by Britain from the early 19th century to the mid-20th century, and like most of Asian countries did, they were ruled by Japan during World War 2. Colonisation of Japan also influenced Singaporean cuisine. For instance, yee sang, which Singaporean Chinese enjoy eating during the Lunar New Year, includes raw fish, which is a rare ingredient to put in dishes except for Japanese or Korean dishes. "
"A common greeting for the Singaporean Chinese is the question ""Have you eaten?"", asked in the various Chinese dialects. It is one way to express a greeting to another person. It is also possible to assume that this is how Singaporeans think about the meal and food. Since Singapore is a mixed cultural nation there is a diverse range of people who might have different and restricted diets, such as Muslims and Hindus. Since Singapore is influenced by so many different regions, religion, and areas, there are also many events or anniversaries. During the Lunar New Year, people eat nian gao, which is originally from China, and is traditionally eaten around the Chinese New Year. Singapore's cuisine is as diverse as its culture. It is an extension of Malay cuisine but influenced by the Chinese – not to mention the Indians, Arabs, British and other settlers who have contributed to making Singapore one of the world's most important trading ports. "
"Singaporean food can be divided into five types: meat, seafood, rice, noodles, and dessert or snacks. Singapore is especially renowned for its seafood. Chili crab and black pepper crab are two quintessential dishes that dominate the scene and are greatly recommended to tourists. Another favourite is sambal stingray. In the meat category, Hainanese chicken rice is the most popular dish. Essentially, it is rice cooked with chicken fat, served with boiled chicken, accompanied with chili sauce. Three noodle dishes stand out in Singapore cuisine. ""Fried Hokkien mee"", fried egg noodles with prawns, sliced pork and gravy, ""Nyonya laksa"", rice noodles served in a coconut prawn broth and ""Char Kuey Teow"", stir-fried rice noodles with prawns, Chinese sausage, lard and cockles. In the snack category, kaya toast is the representative dish, primarily due to the use of kaya. ""Kaya kopitiams"" are a common sight on the island. These affordable coffee shops dish out bread toasts, spread with coconut egg jam and butter, served with coffee and tea as well as two soft Boiled eggs."
